date,session,phase,deload,optional,trap_bar,trap_bar_backoff,squat,squat_backoff,leg_curl,weighted_jumps,bench,bench_backoff,pullups,cable_row,lat_pulldown,curl,curl_backup,y_raise,cable_fly,dips,milestone,note
2026-09-07,stretch,break,yes,,,,,,,,,,,,,,,,,,,"Away routine plus the trunk block and the bracing drill, about 20 minutes. Counts toward the deload."
2026-09-08,stretch,break,yes,,,,,,,,,,,,,,,,,,,Away routine plus the trunk block.
2026-09-09,stretch,break,yes,,,,,,,,,,,,,,,,,,,Away routine plus the trunk block.
2026-09-10,stretch,break,yes,,,,,,,,,,,,,,,,,,,Away routine plus the trunk block.
2026-09-11,stretch,break,yes,,,,,,,,,,,,,,,,,,,Away routine plus the trunk block.
2026-09-12,stretch,break,yes,,,,,,,,,,,,,,,,,,,Away routine plus the trunk block.
2026-09-13,stretch,break,yes,,,,,,,,,,,,,,,,,,,Away routine plus the trunk block.
2026-09-14,heavy-lower,return,,,270,,185,,120,,,,"2×4 easy, optional",,,,,,,,,"First session in the belt. Trap bar at 270, the weight behind the September soreness, belted this time. Squat 185. Ramp up beltless first: 135, 185, 225 on the trap bar, 95 and 135 on the squat. Chin tucked, eyes two metres ahead. Sled to finish only if the deadlifts felt fine."
2026-09-15,rest,return,,,,,,,,,,,,,,,,,,,,"No training. Check in on the back tomorrow morning, good or bad."
2026-09-16,rest,return,,,,,,,,,,,,,,,,,,,,No training. Trunk block if there are five minutes.
2026-09-17,heavy-upper,return,,,,,,,,,165,150,2×5,,,,,,,,,"Bench 165 × 5, earned by the 160 on Aug 26, then 150 for the back-offs. Do a fourth set if the third is easy; bench needs the volume."
2026-09-18,off-a,return,,yes,,,,,,,,,,,,,,,,,,"If there's 15 minutes. Swapped with the light lower: work took the 18th, so the gym went to Saturday the 19th. Nothing else moves. The heavy upper is still Monday and the belt jump still Tuesday, the day before the trip."
2026-09-19,light-lower,return,,,220,,150,,110,,,,"2×4 easy, optional",,,,,,,,,"Beltless. Jumps first: depth jumps, then weighted jumps, then the lifts, moving fast. Approach jumps if there's a rim. Moved from Friday, which work took. A light day on the weekend is what the fasted-weekend rule wants anyway."
2026-09-20,off-b,return,,yes,,,,,,,,,,,,,,,,,,If there's 15 minutes.
2026-09-21,heavy-upper,return,,,,,,,,,165,150,2×5,135,130,25,,20,,1×10,,"A second heavy upper instead of a light one, because the trip keeps me off the bench for ten days and bench needs the volume. 165 again, four sets. The pullup test waits for Oct 4."
2026-09-22,heavy-lower,return,,,280,,195,,120×6,,,,"2×4 easy, optional",,,,,,,,Belt jump: the one 10 lb step,"The belt jump, once, the day before the trip. Only if the 14th went well and the back was quiet on the 15th and 16th. If not, repeat 270 and 185 and push every later row back a week. Report on the back on the 23rd and 24th from the road."
2026-09-23,stretch,trip,,,,,,,,,,,,,,,,,,,,"Away routine plus the trunk block. A maintenance week, not a deload."
2026-09-24,stretch,trip,,,,,,,,,,,,,,,,,,,,Away routine plus the trunk block.
2026-09-25,stretch,trip,,,,,,,,,,,,,,,,,,,,Away routine plus the trunk block.
2026-09-26,stretch,trip,,,,,,,,,,,,,,,,,,,,Away routine plus the trunk block.
2026-09-27,stretch,trip,,,,,,,,,,,,,,,,,,,,Away routine plus the trunk block.
2026-09-28,stretch,block-1,,,,,,,,,,,,,,,,,,,,"Stretch under tension, or a 30-minute walk if wrecked."
2026-09-29,heavy-lower,block-1,,,270,,195,,120×6,,,,"2×4 easy, optional",,,,,,,,,"First heavy lower after the trip. Trap bar back to 270 for 2 × 5: 280 went once on the 22nd, but the 260 back-off lost form, so it climbs in fives from here. The squat takes the jump it skipped on the 22nd, 195, if the back was quiet on the 23rd and 24th; if not, 185."
2026-09-30,off-a,block-1,,,,,,,,,,,,,,,,,,,,
2026-10-01,off-b,block-1,,yes,,,,,,,,,,,,,,,,,,"Swapped with the heavy upper: work took the 1st, so it moved to Friday the 2nd. Off B if there's 15 minutes."
2026-10-02,heavy-upper,block-1,,,,,,,,,165,150,2×5,130×6,130,30,,20,,1×10,,"Moved from Thursday, which work took. Bench repeats 165, back-offs 150: the 165 on Sep 21 barely went and both back-offs were very hard. The row repeats its Sep 21 number with it, and both lines slide a week from here."
2026-10-03,light-lower,block-1,,,225,,160,,110×6,20,,,"2×4 easy, optional",,,,,,,,,"Fasted, beltless, jumps first. Focus on bar speed, not weight."
2026-10-04,light-upper,block-1,,,,,,,,,135,,2 sets,130×6,130×6,20,20,20,35,1×10,,"First weekend light upper, two days after Friday's heavy upper instead of three, so keep it light. Bench stays at 135 for the 3 x 8, since the third set on Aug 30 was close to failure. The pullup test moves to Oct 11; a max set this soon after heavy pullups would read low. First Bayesian cable curl: 20 a side is a guess, so if 8 comes with plenty left, go up for the second set and log what the stack says."
2026-10-05,stretch,block-1,,,,,,,,,,,,,,,,,,,,"Stretch under tension, or a 30-minute walk if wrecked."
2026-10-06,off-a,block-1,,,,,,,,,,,,,,,,,,,,"Swapped with Wednesday's heavy lower for an extra day's rest after three sessions in three days. Keep it light, or skip it."
2026-10-07,heavy-lower,block-1,,,280,250,200,180,130,,,,"2×4 easy, optional",,,,,,,,,"Moved from Tuesday for an extra day's rest. Top sets 280 and 200, then back-offs at 250 and 180. 280 is a 10 lb step, but it went for 5 on the 22nd. The second set was what failed, and the back-off answers that."
2026-10-08,heavy-upper,block-1,,,,,,,,,170,155,2×5,140,130×6,20,20,20,,1×10,,"Bench 170 if Friday's 165 moved well, else 165 again and the rows slide another week. Back-offs 155."
2026-10-09,off-b,block-1,,,,,,,,,,,,,,,,,,,,Or basketball instead.
2026-10-10,light-lower,block-1,,,225,,165,,120,20,,,"2×4 easy, optional",,,,,,,,,"Fasted, beltless, jumps first. Focus on bar speed, not weight."
2026-10-11,light-upper,block-1,,,,,,,,,140,,test (9),140,130×6,20.5,20,20,35.5,1×10,,"Pullup test as the first set, moved from Oct 4 so it gets three days after the heavy upper: nine is the target. The pulldown holds for it. Fasted. Keep the 3 x 8 smooth, no grinding."
2026-10-12,stretch,block-1,,,,,,,,,,,,,,,,,,,,"Thanksgiving, and the day before Ottawa. Stretch under tension, or a 30-minute walk. This was the deload week until Sep 30; there is no deload now before the new year."
2026-10-13,off-a,block-1,,,,,,,,,,,,,,,,,,,,"Ottawa, and likely the travel day. Swapped with Wednesday's heavy lower. Hotel gym or the room; a 35 lb dumbbell stands in for the bell."
2026-10-14,heavy-lower,block-1,,,280,250,200,180,130,,,,"2×4 easy, optional",,,,,,,,,"First heavy lower in Ottawa, moved from Tuesday. The trap bar and Smith are new to me, so both repeat last Wednesday's numbers. Ask what the trap bar weighs and count it."
2026-10-15,heavy-upper,block-1,,,,,,,,,170,155,2×5,140,130×6,20.5,20,20,,1×10,,"Ottawa. Bench repeats 170, back-offs 155: on Oct 8 it went for 2, the day after a heavy lower. The cable stacks won't match home: set them near the planned number and log what the pin says."
2026-10-16,off-b,block-1,,,,,,,,,,,,,,,,,,,,"Ottawa, or the trip home. Off B in the room if there's 15 minutes."
2026-10-17,light-lower,block-1,,,230,,165,,120,20,,,"2×4 easy, optional",,,,,,,,,"Home for the weekend. Fasted, beltless, jumps first. Focus on bar speed, not weight."
2026-10-18,light-upper,block-1,,,,,,,,,140,,2 sets,140,140,20.5,20,20,35.5,1×10,,"Fasted. Keep the 3 x 8 smooth, no grinding. Back to Ottawa tomorrow."
2026-10-19,stretch,block-2,,,,,,,,,,,,,,,,,,,,"Back to Ottawa. Stretch under tension in the room, or a 30-minute walk."
2026-10-20,heavy-lower,block-2,,,285,255,205,185,130×6,,,,"2×4 easy, optional",,,,,,,,,"Second heavy lower in Ottawa, on the same bar and Smith as last week, so the step is against last Wednesday there."
2026-10-21,off-a,block-2,,,,,,,,,,,,,,,,,,,,Ottawa. Hotel gym or the room.
2026-10-22,heavy-upper,block-2,,,,,,,,,175,160,2×5,140×6,140,25.5,25,20,,1×10,,"Ottawa. Bench 175, back-offs 160."
2026-10-23,off-b,block-2,,,,,,,,,,,,,,,,,,,,Last Ottawa day. Off B if there's 15 minutes; nothing is fine on a travel day.
2026-10-24,light-lower,block-2,,,235,,170,,120,20,,,"2×4 easy, optional",,,,,,,,,"Home. Fasted, beltless, jumps first. Focus on bar speed, not weight."
2026-10-25,light-upper,block-2,,,,,,,,,145,,test (9–10),140×6,140,25.5,25,20,35.5,1×10,,"Pullup test as the first set, two weeks after Oct 11. Nine keeps it on track; ten closes the goal early."
2026-10-26,stretch,block-2,,,,,,,,,,,,,,,,,,,,"Stretch under tension, or a 30-minute walk if wrecked."
2026-10-27,heavy-lower,block-2,,,290,260,210,190,130×6,,,,"2×4 easy, optional",,,,,,,,,"Back on the home bar and Smith, 10 lbs over Oct 7 on each. If the Ottawa kit felt lighter than home, repeat Oct 20's numbers instead and slide the rows."
2026-10-28,off-a,block-2,,,,,,,,,,,,,,,,,,,,
2026-10-29,heavy-upper,block-2,,,,,,,,,175,160,2×5,140×6,140,25.5,25,20,,1×10,,Bench stays at 175; it goes up next week.
2026-10-30,off-b,block-2,,,,,,,,,,,,,,,,,,,,Or basketball instead.
2026-10-31,light-lower,block-2,,,240,,170,,120×6,20,,,"2×4 easy, optional",,,,,,,,,"Fasted, beltless, jumps first. Focus on bar speed, not weight."
2026-11-01,light-upper,block-2,,,,,,,,,145,,2 sets,140×6,140×6,25.5,25,20,35.5,1×10,,"Fasted. Keep the 3 x 8 smooth, no grinding."
2026-11-02,stretch,block-2,,,,,,,,,,,,,,,,,,,,"Stretch under tension, or a 30-minute walk if wrecked."
2026-11-03,heavy-lower,block-2,,,295,265,215,195,140,,,,"2×4 easy, optional",,,,,,,,,295 and 215.
2026-11-04,off-a,block-2,,,,,,,,,,,,,,,,,,,,
2026-11-05,heavy-upper,block-2,,,,,,,,,180,165,2×5,150,140×6,25.5,25,20,,1×10,,"Bench 180, back-offs 165."
2026-11-06,off-b,block-2,,,,,,,,,,,,,,,,,,,,Or basketball instead.
2026-11-07,light-lower,block-2,,,240,,175,,120×6,20,,,"2×4 easy, optional",,,,,,,,,"Fasted, beltless, jumps first. Focus on bar speed, not weight."
2026-11-08,light-upper,block-2,,,,,,,,,145,,test (10),150,140×6,25.5,25,20,35.5,1×10,Pullups 10 — goal,Pullup test as the first set. Ten closes the goal; nine means test again Nov 15.
2026-11-09,stretch,block-2,,,,,,,,,,,,,,,,,,,,"Stretch under tension, or a walk. Trap bar goal tomorrow."
2026-11-10,heavy-lower,block-2,,,300,270,220,200,140,,,,"2×4 easy, optional",,,,,,,,Trap bar 300 × 5 — goal,"Trap bar 300 × 5, the goal, then the back-off. The squat is one step short and closes next week; the trap bar holds at 300 until it does."
2026-11-11,off-a,block-2,,,,,,,,,,,,,,,,,,,,
2026-11-12,heavy-upper,block-2,,,,,,,,,185,170,2×5,150×6,140×6,25.5,25,20,,1×10,,"Bench 185, back-offs 170."
2026-11-13,off-b,block-2,,,,,,,,,,,,,,,,,,,,Or basketball instead.
2026-11-14,light-lower,block-2,,,245,,180,,120×6,20,,,"2×4 easy, optional",,,,,,,,,"Fasted, beltless, jumps first. Focus on bar speed, not weight."
2026-11-15,light-upper,block-2,,,,,,,,,145,,"test, if 10 is still open",150×6,150,25.5,25,20,35.5,1×10,,"Fasted. Keep the 3 x 8 smooth, no grinding."
2026-11-16,stretch,block-2,,,,,,,,,,,,,,,,,,,,"Stretch under tension, or a walk. Squat goal tomorrow."
2026-11-17,heavy-lower,block-2,,,300,270,225,205,140,,,,"2×4 easy, optional",,,,,,,,"Squat 225 × 5 — goal, and the end of the last stretch","Squat 225 × 5 and the trap bar at 300 again, then the back-offs. If both land, the last stretch is done and the next block is cardio, whatever the bench is doing. If not, the rows after this repeat the same weights."
2026-11-18,off-a,contingency,,,,,,,,,,,,,,,,,,,,
2026-11-19,heavy-upper,contingency,,,,,,,,,185,170,2×5,150×6,150,30.5,30,20,,1×10,,Bench stays at 185; it goes up next week.
2026-11-20,off-b,contingency,,,,,,,,,,,,,,,,,,,,Or basketball instead.
2026-11-21,light-lower,contingency,,,245,,185,,120×6,20,,,"2×4 easy, optional",,,,,,,,,"Fasted, beltless, jumps first. Focus on bar speed, not weight."
2026-11-22,light-upper,contingency,,,,,,,,,145,,2 sets,150×6,150×6,30.5,30,20,35.5,1×10,,"Fasted. Keep the 3 x 8 smooth, no grinding."
2026-11-23,stretch,contingency,,,,,,,,,,,,,,,,,,,,"Stretch under tension, or a 30-minute walk if wrecked."
2026-11-24,heavy-lower,contingency,,,300,270,225,205,140,,,,"2×4 easy, optional",,,,,,,,,Goal weights for whichever lift is still open. No deload here since Sep 30.
2026-11-25,off-a,contingency,,,,,,,,,,,,,,,,,,,,
2026-11-26,heavy-upper,contingency,,,,,,,,,190,175,2×5,160,150×6,30.5,30,20,,1×10,,"Bench 190, back-offs 175."
2026-11-27,off-b,contingency,,,,,,,,,,,,,,,,,,,,Or basketball instead.
2026-11-28,light-lower,contingency,,,245,,185,,120×6,20,,,"2×4 easy, optional",,,,,,,,,"Fasted, beltless, jumps first. Focus on bar speed, not weight."
2026-11-29,light-upper,contingency,,,,,,,,,145,,2 sets,160,160,30.5,30,20,35.5,1×10,,"Fasted. Keep the 3 x 8 smooth, no grinding."
2026-11-30,stretch,contingency,,,,,,,,,,,,,,,,,,,,"Stretch under tension, or a 30-minute walk if wrecked."
2026-12-01,heavy-lower,contingency,,,300,270,225,205,140,,,,"2×4 easy, optional",,,,,,,,,
2026-12-02,off-a,contingency,,,,,,,,,,,,,,,,,,,,
2026-12-03,heavy-upper,contingency,,,,,,,,,195,180,2×5,160,160,30.5,30,20,,1×10,,"Bench 195, back-offs 180. The row holds at 160 to stay near 82% of it."
2026-12-04,off-b,contingency,,,,,,,,,,,,,,,,,,,,Or basketball instead.
2026-12-05,light-lower,contingency,,,245,,185,,120×6,20,,,"2×4 easy, optional",,,,,,,,,"Fasted, beltless, jumps first. Focus on bar speed, not weight."
2026-12-06,light-upper,contingency,,,,,,,,,145,,"test, if 10 is still open",160,160,30.5,30,20,35.5,1×10,,"Fasted. Keep the 3 x 8 smooth, no grinding."
2026-12-07,stretch,contingency,,,,,,,,,,,,,,,,,,,,"Stretch under tension, or a 30-minute walk if wrecked."
2026-12-08,heavy-lower,contingency,,,300,270,225,205,140,,,,"2×4 easy, optional",,,,,,,,,
2026-12-09,off-a,contingency,,,,,,,,,,,,,,,,,,,,
2026-12-10,heavy-upper,contingency,,,,,,,,,195,180,2×5,160,160,30.5,30,20,,1×10,,Bench stays at 195; it goes up next week.
2026-12-11,off-b,contingency,,,,,,,,,,,,,,,,,,,,Or basketball instead.
2026-12-12,light-lower,contingency,,,245,,185,,120×6,20,,,"2×4 easy, optional",,,,,,,,,"Fasted, beltless, jumps first. Focus on bar speed, not weight."
2026-12-13,light-upper,contingency,,,,,,,,,145,,2 sets,160,160×6,30.5,30,20,35.5,1×10,,"Fasted. Keep the 3 x 8 smooth, no grinding."
2026-12-14,stretch,contingency,,,,,,,,,,,,,,,,,,,,"Stretch under tension, or a 30-minute walk if wrecked."
2026-12-15,heavy-lower,contingency,,,300,270,225,205,140,,,,"2×4 easy, optional",,,,,,,,,"The plan ends Dec 20. If a goal is still open then, keep going with the same pattern; the deadline is Dec 31."
2026-12-16,off-a,contingency,,,,,,,,,,,,,,,,,,,,
2026-12-17,heavy-upper,contingency,,,,,,,,,200,185,2×5,160×6,160×6,30.5,30,20,,1×10,,"Bench 200, back-offs 185. The plan's realistic December number."
2026-12-18,off-b,contingency,,,,,,,,,,,,,,,,,,,,Or basketball instead.
2026-12-19,light-lower,contingency,,,245,,185,,120×6,20,,,"2×4 easy, optional",,,,,,,,,"Fasted, beltless, jumps first. Focus on bar speed, not weight."
2026-12-20,light-upper,contingency,,,,,,,,,145,,"test, if 10 is still open",160×6,160×6,30.5,30,20,35.5,1×10,,"Fasted. Keep the 3 x 8 smooth, no grinding."
